{
  "companies": [
    {
      "id": 1,
      "companyName": "ABC Company",
      "companyInfo": "<p>The coolest place to explore investments!</p><p>Investing your hard-earned money can be a daunting task, but fear not! We're here to make it exciting, simple, and most importantly, profitable for you. At Randomize, we specialize in helping you discover the perfect investment opportunities that align with your financial goals and aspirations.</p><p>With our user-friendly platform, you can wave goodbye to the days of complicated investment jargon and endless research. We've made it our mission to simplify the process, so you can focus on what really matters - growing your wealth.</p><p>So, what sets us apart from the rest? Well, we believe in the power of randomness. Our unique algorithm scours the investment universe to find hidden gems that have the potential to bring you substantial returns. We're not your average investment platform - we're all about embracing the unexpected and taking calculated risks.</p><p>Whether you're a seasoned investor or just dipping your toes into the world of investments, we've got something for everyone. Our diverse range of investment options caters to all risk appetites and financial goals. From stocks and bonds to real estate and cryptocurrencies, you'll find a smorgasbord of opportunities waiting to be explored.</p><p>But wait, there's more! We understand that everyone has their own preferences and comfort levels when it comes to investing. That's why we offer customizable portfolios, tailored to your specific needs. You call the shots, and we'll make it happen.</p><p>Worried about the safety of your investments? We've got you covered. Our team of experts meticulously analyzes each opportunity to ensure they meet our stringent criteria. Your peace of mind is our top priority, so you can rest easy knowing that your money is in good hands.</p><p>Ready to embark on your investment journey? Join us at Randomize and let the excitement begin! With our intuitive interface, helpful resources, and a community of like-minded investors, you'll never feel alone in this thrilling adventure.</p><p>So, what are you waiting for? Start randomizing your investments today and unlock a world of financial possibilities. Let's make your money work for you, because life is too short for boring investments!</p>",
      "reviews": [
        {
          "whoWroteThis": "John Doe",
          "numberOfPointsOutOfFive": 4,
          "goodPoints": [
            "Good product"
          ],
          "badPoints": [
            "No bad points"
          ]
        },
        {
          "whoWroteThis": "Jane Smith",
          "numberOfPointsOutOfFive": 5,
          "goodPoints": [
            "Excellent product"
          ],
          "badPoints": [
            "No bad points"
          ]
        },
        {
          "whoWroteThis": "Matt Some",
          "numberOfPointsOutOfFive": 3,
          "goodPoints": [
            "Okay",
            "Could be better"
          ],
          "badPoints": [
            "So far",
            "Maybe",
            "Nothing"
          ]
        },
        {
          "whoWroteThis": "Matthew Johnson",
          "numberOfPointsOutOfFive": 4,
          "goodPoints": [
            "Good company",
            "Great management"
          ],
          "badPoints": [
            "Low salary",
            "Unpleasant colleague",
            "Meal vouchers useless"
          ]
        },
        {
          "whoWroteThis": "Don Joe",
          "numberOfPointsOutOfFive": 3,
          "goodPoints": [
            "Okay",
            "Could be better"
          ],
          "badPoints": [
            "So far",
            "Maybe",
            "Nothing"
          ]
        }
      ]
    },
    {
      "id": 2,
      "companyName": "XYZ Company new",
      "companyInfo": "<div>New Welcome to XYZ Company, your go-to online destination for reliable and comprehensive information. We are here to provide you with a platform that is equal to Wikipedia, where you can explore a vast array of topics and expand your knowledge.</div><div><br></div><div>At XYZ Company, we understand the importance of having access to accurate and up-to-date information. That's why we have curated a collection of articles and resources that cover a wide range of subjects, ensuring that you have the information you need right at your fingertips.</div><div><br></div><div>Whether you're a student looking for credible sources for your research paper, a professional seeking to stay updated in your field, or simply a curious individual eager to learn something new, XYZ Company is here to support you on your quest for knowledge.</div><div><br></div><div>Our team of dedicated experts works tirelessly to ensure that the information provided on our website is reliable, unbiased, and trustworthy. We strive to present complex concepts in a simple and understandable manner, making learning an enjoyable experience for everyone.</div><div><br></div><div>With XYZ Company, you can dive into various topics, from history and science to technology and arts. Our user-friendly interface allows you to easily navigate through different categories, making it effortless to find the information you seek. Whether you're looking for a quick answer or want to delve deeper into a subject, our website is designed to cater to your needs.</div><div><br></div><div>We also value your contribution to our community. If you have expertise in a particular field or have come across new information that you believe should be shared, we encourage you to become a contributor. Together, we can create a platform that fosters collaboration and the exchange of knowledge.</div><div><br></div><div>At XYZ Company, we believe that information is power, and we are committed to empowering individuals like you with the knowledge you need to make informed decisions and broaden your horizons. Join us on this exciting journey of discovery and let us be your trusted source of information.</div><div><br></div><div>Start exploring XYZ Company today and unlock a world of knowledge that awaits you.</div>",
      "reviews": [
        {
          "whoWroteThis": "Alice Johnson",
          "numberOfPointsOutOfFive": 3,
          "goodPoints": [
            "Good service"
          ],
          "badPoints": [
            "Need improvement"
          ]
        },
        {
          "whoWroteThis": "Johny",
          "numberOfPointsOutOfFive": 4,
          "goodPoints": [
            "good point",
            "good management"
          ],
          "badPoints": [
            "bad salary",
            "annoying colleages"
          ]
        }
      ]
    },
    {
      "id": 3,
      "companyName": "ACME Corporation",
      "companyInfo": "<div>Welcome to ACME Corporation, where innovation meets excellence! We are proud to be a leading provider of cutting-edge products and top-notch services. Whether you're in need of a game-changing solution or simply looking to enhance your business operations, we've got you covered.</div><div><br></div><div>Our extensive range of products is designed to meet the diverse needs of our customers. From state-of-the-art gadgets to revolutionary software, we have something for everyone. Our team of experts works tirelessly to stay ahead of the curve, ensuring that you have access to the latest and greatest innovations in the market.</div><div><br></div><div>But it doesn't stop there! ACME Corporation is not just about products; we also offer a wide array of services to help you maximize your potential. Our dedicated team of professionals is here to assist you every step of the way, providing personalized solutions tailored to your specific requirements. Whether it's technical support, training, or consulting services, we are committed to delivering exceptional service that exceeds your expectations.</div><div><br></div><div>At ACME Corporation, we understand that success is not just about having great products and services; it's about building strong relationships with our customers. That's why we prioritize customer satisfaction above everything else. We value your feedback and are always ready to go the extra mile to ensure your experience with us is nothing short of exceptional.</div><div><br></div><div>So, why choose ACME Corporation? Because we are more than just a provider of products and services. We are your trusted partner in innovation, dedicated to helping you achieve your goals. Join us on this exciting journey and discover the endless possibilities that await you.</div><div><br></div><div>Explore our website to learn more about our products and services, and feel free to reach out to us with any questions or inquiries. We can't wait to hear from you!</div>",
      "reviews": [
        {
          "whoWroteThis": "John Doe",
          "numberOfPointsOutOfFive": 4,
          "goodPoints": [
            "Quality products",
            "Great team"
          ],
          "badPoints": [
            "Long working hours"
          ]
        },
        {
          "whoWroteThis": "Jane Smith",
          "numberOfPointsOutOfFive": 5,
          "goodPoints": [
            "Excellent work culture",
            "Opportunities for growth"
          ],
          "badPoints": []
        }
      ]
    },
    {
      "id": 4,
      "companyName": "Tech Solutions Inc.",
      "companyInfo": "<div>Welcome to Tech Solutions Inc., where we specialize in providing cutting-edge technology solutions for all your needs. Whether you're a small business owner looking to streamline your operations or a tech enthusiast seeking the latest gadgets, we've got you covered.</div><div><br></div><div>At Tech Solutions Inc., we understand that technology can sometimes be overwhelming. That's why our team of experts is here to guide you every step of the way. We take pride in staying up-to-date with the latest advancements in the tech world, so you can trust us to provide you with the most innovative solutions available.</div><div><br></div><div>From software development to hardware upgrades, we offer a wide range of services to meet your specific requirements. Our team is skilled in various technologies, ensuring that we can tackle any challenge that comes our way. Whether you need assistance with network security, data management, or cloud computing, we've got the expertise to handle it all.</div><div><br></div><div>But it's not just about the technical stuff. We believe in building strong relationships with our clients and providing exceptional customer service. Our friendly and approachable team is always ready to answer your questions and address any concerns you may have. We strive to make your experience with us as smooth and enjoyable as possible.</div><div><br></div><div>So, whether you're a business owner looking to boost productivity or a tech enthusiast eager to explore the latest gadgets, Tech Solutions Inc. is here to help. Trust us to provide you with the technology solutions you need to stay ahead in this fast-paced digital world.</div><div><br></div><div>Contact us today to learn more about how we can assist you. Let's embark on this tech journey together!</div>",
      "reviews": [
        {
          "whoWroteThis": "David Johnson",
          "numberOfPointsOutOfFive": 3,
          "goodPoints": [
            "Innovative projects"
          ],
          "badPoints": [
            "Limited work-life balance"
          ]
        },
        {
          "whoWroteThis": "Emily Brown",
          "numberOfPointsOutOfFive": 4,
          "goodPoints": [
            "Supportive colleagues",
            "Competitive salary"
          ],
          "badPoints": [
            "Occasional overtime"
          ]
        }
      ]
    },
    {
      "id": 5,
      "companyName": "Global Services Co.",
      "companyInfo": "<div>At Global Services Co., we understand that navigating the complex world of business can be overwhelming. That's why our team of expert consultants is here to guide you every step of the way. Whether you're a small startup or a multinational corporation, we have the knowledge and experience to help you thrive in today's competitive market.<br></div><div><br></div><div>Our consulting services cover a wide range of areas, ensuring that we have the perfect solution for your unique business needs. From strategic planning and market research to financial analysis and project management, we've got you covered. Our team will work closely with you to understand your goals and develop a tailored approach that delivers results.</div><div><br></div><div>But what sets us apart from the rest? It's our global reach and extensive network of professionals that truly make us stand out. With offices in major cities around the world, we have the ability to provide localized expertise no matter where you are. Our consultants are well-versed in different cultures, industries, and markets, ensuring that you receive the most relevant and effective advice.</div><div><br></div><div>We believe in building long-lasting relationships with our clients, and our commitment to excellence is unwavering. We pride ourselves on delivering high-quality consulting services that are not only comprehensive but also cost-effective. Your success is our success, and we will go above and beyond to exceed your expectations.</div><div><br></div><div>So why wait? Take the first step towards transforming your business today. Contact Global Services Co. and let our consulting experts help you unlock your full potential. Together, we can conquer the global market and achieve greatness.</div>",
      "reviews": [
        {
          "whoWroteThis": "Michael Johnson",
          "numberOfPointsOutOfFive": 4,
          "goodPoints": [
            "International exposure"
          ],
          "badPoints": [
            "Heavy workload"
          ]
        },
        {
          "whoWroteThis": "Sarah Lee",
          "numberOfPointsOutOfFive": 5,
          "goodPoints": [
            "Flexible work hours",
            "Great teamwork"
          ],
          "badPoints": []
        }
      ]
    },
    {
      "id": 6,
      "companyName": "InnovateTech Labs",
      "companyInfo": "<div>Welcome to InnovateTech Labs, where research meets technology in the most innovative ways! We are not your average tech company - we are research-driven and passionate about pushing the boundaries of what's possible.</div><div><br></div><div>At InnovateTech Labs, we believe that technology should not only be cutting-edge but also backed by solid research. That's why we invest heavily in research and development to ensure that our products and services are at the forefront of technological advancements.</div><div><br></div><div>Our team of brilliant minds is constantly exploring new ideas, conducting experiments, and pushing the limits of what technology can do. We thrive on curiosity and are always on the lookout for the next big breakthrough.</div><div><br></div><div>Whether it's developing new software, designing state-of-the-art hardware, or creating innovative solutions for complex problems, our research-driven approach sets us apart from the competition. We don't just follow trends; we create them.</div><div><br></div><div>But it's not all about the science and technology for us. We also understand the importance of user experience and practicality. Our research-driven technology is designed with you in mind, ensuring that our products and services are user-friendly, intuitive, and seamlessly integrate into your daily life.</div><div><br></div><div>So, whether you're a tech enthusiast, a business looking for groundbreaking solutions, or simply someone who appreciates the power of research-driven technology, InnovateTech Labs is the place for you.</div><div><br></div><div>Join us on this exciting journey as we continue to innovate, explore, and redefine what's possible. Together, let's shape the future with research-driven technology.</div>",
      "reviews": [
        {
          "whoWroteThis": "Robert Johnson",
          "numberOfPointsOutOfFive": 4,
          "goodPoints": [
            "Cutting-edge research",
            "Talented scientists"
          ],
          "badPoints": [
            "Limited vacation days"
          ]
        },
        {
          "whoWroteThis": "Sophia Clark",
          "numberOfPointsOutOfFive": 3,
          "goodPoints": [
            "Exciting projects"
          ],
          "badPoints": [
            "High stress"
          ]
        }
      ]
    },
    {
      "id": 7,
      "companyName": "FinanceWorld Group",
      "companyInfo": "<div>Looking for expert financial advice? You've come to the right place. At FinanceWorld Group, we offer top-notch financial consulting services to help you navigate the complex world of finance with ease.<br></div><div><br></div><div>Whether you're a business owner looking to optimize your financial strategies or an individual seeking guidance on investments and retirement planning, our team of experienced consultants is here to assist you every step of the way.</div><div><br></div><div>With FinanceWorld Group, you can say goodbye to financial stress and hello to financial success. Our dedicated experts will work closely with you to understand your unique goals and develop tailored solutions that suit your needs.</div><div><br></div><div>We understand that finance can be intimidating, but don't worry! Our friendly consultants will break down complex concepts into simple terms, ensuring you have a clear understanding of your financial situation and the best course of action to achieve your goals.</div><div><br></div><div>Our comprehensive range of services covers everything from budgeting and debt management to investment planning and tax strategies. No matter what your financial needs may be, we've got you covered.</div><div><br></div><div>Why choose FinanceWorld Group? Well, apart from our extensive expertise and personalized approach, we also prioritize transparency and integrity. We believe in building long-term relationships with our clients based on trust and mutual understanding.</div><div><br></div><div>So, what are you waiting for? Take control of your finances and unlock your full potential with FinanceWorld Group. Contact us today to schedule a consultation and let us help you pave the way to financial success.</div>",
      "reviews": [
        {
          "whoWroteThis": "Daniel White",
          "numberOfPointsOutOfFive": 4,
          "goodPoints": [
            "Career growth opportunities"
          ],
          "badPoints": [
            "Strict dress code"
          ]
        },
        {
          "whoWroteThis": "Olivia Turner",
          "numberOfPointsOutOfFive": 5,
          "goodPoints": [
            "Generous bonuses",
            "Friendly atmosphere"
          ],
          "badPoints": []
        }
      ]
    },
    {
      "id": 8,
      "companyName": "HealthTech Innovations",
      "companyInfo": "<div>Welcome to HealthTech Innovations, where healthcare meets technology!</div><div><br></div><div>At HealthTech Innovations, we are passionate about revolutionizing the healthcare industry through cutting-edge technology. Our mission is to improve the quality of healthcare and make it more accessible to everyone. With our innovative solutions, we strive to bridge the gap between healthcare and technology, making a positive impact on people's lives.</div><div><br></div><div>With the rapid advancements in technology, we believe that it's time for healthcare to catch up. Our team of experts is constantly exploring new possibilities and developing innovative solutions to address the challenges faced by the healthcare industry. We understand the importance of staying ahead of the curve and embracing the power of technology to transform healthcare delivery.</div><div><br></div><div>Whether you are a healthcare provider, a patient, or a technology enthusiast, you will find something valuable on our website. We offer a wide range of healthcare solutions that leverage the latest technological advancements. From telemedicine platforms to remote patient monitoring systems, we have it all.</div><div><br></div><div>Our goal is to empower healthcare providers to deliver better care by streamlining processes, enhancing communication, and improving patient outcomes. With our technology-driven solutions, healthcare professionals can focus on what they do best – providing exceptional care to their patients.</div><div><br></div><div>For patients, our innovative tools and platforms aim to make healthcare more convenient and accessible. Whether it's scheduling appointments online, accessing medical records remotely, or receiving personalized health recommendations, we want to put the power of healthcare in your hands.</div><div><br></div><div>At HealthTech Innovations, we believe that technology has the potential to transform healthcare for the better. Join us on this exciting journey as we push the boundaries of what's possible and create a future where healthcare is smarter, more efficient, and more patient-centric.</div><div><br></div><div>Explore our website to learn more about our healthcare solutions and how we are leveraging technology to drive positive change in the industry. Together, let's shape the future of healthcare through innovation and technology.</div>",
      "reviews": [
        {
          "whoWroteThis": "William Davis",
          "numberOfPointsOutOfFive": 4,
          "goodPoints": [
            "Impactful work",
            "Health benefits"
          ],
          "badPoints": [
            "Tight deadlines"
          ]
        },
        {
          "whoWroteThis": "Ava Baker",
          "numberOfPointsOutOfFive": 5,
          "goodPoints": [
            "Flexible work schedule",
            "Collaborative teams"
          ],
          "badPoints": []
        }
      ]
    },
    {
      "id": 9,
      "companyName": "GreenTech Solutions",
      "companyInfo": "<div>We are all about embracing technology while being mindful of our planet. Our mission is to provide you with the latest and greatest eco-friendly technology solutions that not only make your life easier but also help save the environment.<br></div><div><br></div><div>At GreenTech Solutions, we understand that technology plays a significant role in our daily lives. From smartphones to smart homes, we are surrounded by gadgets that make our lives more convenient. However, we also believe that it's essential to consider the impact these devices have on our planet.</div><div><br></div><div>That's why we have carefully curated a range of products that are designed with sustainability in mind. Whether you're looking for energy-efficient appliances, solar-powered gadgets, or eco-friendly accessories, we've got you covered.</div><div><br></div><div>Our team of tech enthusiasts is constantly researching and testing the latest innovations in green technology. We handpick only the most reliable and efficient products to ensure that you get the best value for your money. With our extensive knowledge and expertise, we can guide you towards making eco-friendly choices without compromising on quality or functionality.</div><div><br></div><div>By choosing GreenTech Solutions, you're not only investing in cutting-edge technology but also contributing to a greener future. We believe that small changes can make a big difference, and together, we can create a more sustainable world.</div><div><br></div><div>So, whether you're a tech geek or simply looking for ways to reduce your carbon footprint, explore our website and discover the exciting world of eco-friendly technology. Join us on this journey towards a greener future with GreenTech Solutions!</div><div><br></div><div>Get ready to embrace the power of technology while protecting our planet. Start browsing now!</div>",
      "reviews": [
        {
          "whoWroteThis": "Liam Anderson",
          "numberOfPointsOutOfFive": 4,
          "goodPoints": [
            "Sustainability mission",
            "Supportive management"
          ],
          "badPoints": [
            "Limited remote work"
          ]
        },
        {
          "whoWroteThis": "Mia Walker",
          "numberOfPointsOutOfFive": 3,
          "goodPoints": [
            "Environmentally conscious"
          ],
          "badPoints": [
            "Heavy workload"
          ]
        }
      ]
    },
    {
      "id": 10,
      "companyName": "EduTech Innovators",
      "companyInfo": "<div>At EduTech Innovators, we firmly believe that technology has the potential to transform the way we learn and teach. Gone are the days of boring lectures and monotonous textbooks. We are here to bring excitement, engagement, and innovation to the world of education.<br></div><div><br></div><div>With our cutting-edge technology solutions, we aim to bridge the gap between traditional teaching methods and the digital age. We understand that every student is unique and learns at their own pace, which is why our educational tools are designed to cater to individual needs. No more one-size-fits-all approach!</div><div><br></div><div>Imagine a classroom where students are not just passive listeners, but active participants in their own learning journey. Our interactive software and apps empower students to explore, experiment, and discover knowledge in a fun and immersive way. From virtual reality simulations to gamified quizzes, we have it all covered.</div><div><br></div><div>But it's not just about the students. We also provide educators with the tools they need to deliver top-notch instruction. Our platform offers a wealth of resources, including lesson plans, multimedia content, and data analytics to track student progress. With EduTech Innovators, teachers can focus on what they do best – inspiring and guiding young minds.</div><div><br></div><div>We understand that technology can sometimes be overwhelming, which is why our user-friendly interface ensures a seamless experience for both students and teachers. No technical expertise required! We believe that everyone should have access to quality education, regardless of their technical proficiency.</div><div><br></div><div>Join us on this exciting journey as we transform education one byte at a time. Whether you are a student, teacher, or education enthusiast, EduTech Innovators is here to empower you with the tools and resources you need to succeed in the digital age.</div><div><br></div><div>So, what are you waiting for? Embrace the future of education with EduTech Innovators and unlock a world of endless possibilities. Together, let's reshape the way we learn and inspire generations to come. 🌟</div>",
      "reviews": [
        {
          "whoWroteThis": "Ethan Turner",
          "numberOfPointsOutOfFive": 5,
          "goodPoints": [
            "Passionate colleagues",
            "Innovative projects"
          ],
          "badPoints": []
        },
        {
          "whoWroteThis": "Chloe Baker",
          "numberOfPointsOutOfFive": 4,
          "goodPoints": [
            "Flexible work hours",
            "Professional development"
          ],
          "badPoints": []
        }
      ]
    }
  ]
}